affiliation,addr,name,latitude,longitude,id,country,continent
"Theoretical Division, Los Alamos National Laboratory, Los Alamos, New Mexico 87545, USA","Los Alamos, New Mexico 87545, USA","Theoretical Division, Los Alamos National Laboratory",35.8585475,-106.317166,1,United States of America,North America
"Department of Mathematics, University of California Davis, Davis, California 95616, USA","Davis, California 95616, USA","Department of Mathematics, University of California Davis",38.545379,-121.744583,2,United States of America,North America
"Dipartimento di Fisica e Astronomia, Università di Firenze, Sesto Fiorentino (FI), 50019 , Italy","Sesto Fiorentino FI, 50019 , Italy","Dipartimento di Fisica e Astronomia, Università di Firenze",43.831721,11.1992239,3,Italy,Europe
"Harvard Quantum Initiative, Harvard University, Cambridge, Massachusetts 02138, USA","Cambridge, Massachusetts 02138, USA","Harvard Quantum Initiative, Harvard University",42.3750997,-71.1056157,4,United States of America,North America
"Information Sciences, Los Alamos National Laboratory, Los Alamos, New Mexico 87545, USA","Los Alamos, New Mexico 87545, USA","Information Sciences, Los Alamos National Laboratory",35.8585475,-106.317166,5,United States of America,North America
"University of Illinois at Urbana-Champaign, Urbana, Illinois 61801, USA","Urbana, Illinois 61801, USA","University of Illinois at Urbana-Champaign, Urbana",40.1117174,-88.207301,6,United States of America,North America
"Center for Nonlinear Studies, Los Alamos National Laboratory, Los Alamos, New Mexico 87545, USA","Los Alamos, New Mexico 87545, USA","Center for Nonlinear Studies, Los Alamos National Laboratory",35.8585475,-106.317166,7,United States of America,North America
"Department of Physics, University of Waterloo, Waterloo, ON, N2L 3G1, Canada","Waterloo, ON, N2L 3G1, Canada","Department of Physics, University of Waterloo",43.4652699,-80.5222961,8,Canada,North America
"Institute for Quantum Computing, Waterloo, ON, N2L 3G1, Canada","ON, N2L 3G1, Canada","Institute for Quantum Computing, Waterloo",51.1384082,-117.8731057,9,Canada,North America
"Xanadu, Toronto, ON, M5G 2C8, Canada","ON, M5G 2C8, Canada","Xanadu, Toronto",51.1384082,-117.8731057,10,Canada,North America
"Centre for Quantum Technologies, National University of Singapore, 3 Science Drive 2 117543, Singapore","National University of Singapore, 3 Science Drive 2 117543, Singapore","Centre for Quantum Technologies, National University of Singapore",,,11,,
"Imperial College London, London, UK","London, UK","Imperial College London, London",51.5073219,-0.1276474,12,United Kingdom,Europe
"Information Sciences, Los Alamos National Laboratory, Los Alamos, NM, USA","Los Alamos, NM, USA","Information Sciences, Los Alamos National Laboratory",35.8935335,-106.289701070565,13,United States of America,North America
"Quantum Science Center, Oak Ridge, TN 37931, USA","Oak Ridge, TN 37931, USA","Quantum Science Center, Oak Ridge",36.0103562,-84.2696449,14,United States of America,North America
"Institute of Physics, Ecole Polytechnique Fédérale de Lausanne (EPFL), CH-1015 Lausanne, Switzerland","Ecole Polytechnique Fdrale de Lausanne EPFL, CH1015 Lausanne, Switzerland","Institute of Physics, Ecole Polytechnique Fédérale de Lausanne (EPFL)",,,15,,
"Information Sciences, Los Alamos National Laboratory, Los Alamos, New Mexico 87545, USA","Los Alamos, New Mexico 87545, USA","Information Sciences, Los Alamos National Laboratory",35.8585475,-106.317166,16,United States of America,North America
"Electrical and Computer Engineering, University of Illinois Urbana-Champaign, Urbana, Illinois, 61801, USA","Urbana, Illinois, 61801, USA","Electrical and Computer Engineering, University of Illinois Urbana-Champaign",40.1117174,-88.207301,17,United States of America,North America
"Theoretical Division, Los Alamos National Laboratory, Los Alamos, New Mexico 87545, USA","Los Alamos, New Mexico 87545, USA","Theoretical Division, Los Alamos National Laboratory",35.8585475,-106.317166,18,United States of America,North America
"Center for Nonlinear Studies, Los Alamos National Laboratory, Los Alamos, New Mexico 87545, USA","Los Alamos, New Mexico 87545, USA","Center for Nonlinear Studies, Los Alamos National Laboratory",35.8585475,-106.317166,19,United States of America,North America
"Harvard Quantum Initiative, Harvard University, Cambridge, Massachusetts 02138, USA","Cambridge, Massachusetts 02138, USA","Harvard Quantum Initiative, Harvard University",42.3750997,-71.1056157,20,United States of America,North America
"Department of Computing and Mathematical Sciences, Caltech, Pasadena, CA, USA","Pasadena, CA, USA","Department of Computing and Mathematical Sciences, Caltech",34.1476452,-118.1444779,21,United States of America,North America
"Department of Electrical Engineering and Computer Sciences, UC Berkeley, Berkeley, CA, USA","Berkeley, CA, USA","Department of Electrical Engineering and Computer Sciences, UC Berkeley",37.8753497,-122.239633649188,22,United States of America,North America
"AWS Center for Quantum Computing, Pasadena, CA, USA","Pasadena, CA, USA","AWS Center for Quantum Computing, Pasadena",34.1476452,-118.1444779,23,United States of America,North America
"perform in the laboratory, and easy to describe in classical language. The measurements we consider, random","and easy to describe in classical language The measurements we consider, random","perform in the laboratory, and easy to describe in classical language. The measurements we consider",,,24,,
"Department of Physics & Astronomy, University of Southern California, Los Angeles, California 90089, USA","Los Angeles, California 90089, USA","Department of Physics & Astronomy, University of Southern California",34.0536909,-118.242766,25,United States of America,North America
"Information Sciences, Los Alamos National Laboratory, Los Alamos, New Mexico 87545, USA","Los Alamos, New Mexico 87545, USA","Information Sciences, Los Alamos National Laboratory",35.8585475,-106.317166,26,United States of America,North America
"Physics Department, Lancaster University, Lancaster, United Kingdom, LA1 4YB","Lancaster, United Kingdom, LA1 4YB","Physics Department, Lancaster University",54.0484068,-2.7990345,27,United Kingdom,Europe
"and Center for Computation and Technology, Louisiana State University, Baton Rouge, Louisiana 70803, USA","Baton Rouge, Louisiana 70803, USA","and Center for Computation and Technology, Louisiana State University",30.4507936,-91.1391153,28,United States of America,North America
"Cornell University, Ithaca, New York 14850, USA","Ithaca, New York 14850, USA","Cornell University, Ithaca",42.4396039,-76.4968019,29,United States of America,North America
"Quantum Science Center, Oak Ridge, TN 37931, USA","Oak Ridge, TN 37931, USA","Quantum Science Center, Oak Ridge",36.0103562,-84.2696449,30,United States of America,North America
"Theoretical Division, Los Alamos National Laboratory, Los Alamos, New Mexico 87545, USA","Los Alamos, New Mexico 87545, USA","Theoretical Division, Los Alamos National Laboratory",35.8585475,-106.317166,31,United States of America,North America
"Institute of Physics, Ecole Polytechnique Fédérale de Lausanne (EPFL), CH-1015 Lausanne, Switzerland","Ecole Polytechnique Fdrale de Lausanne EPFL, CH1015 Lausanne, Switzerland","Institute of Physics, Ecole Polytechnique Fédérale de Lausanne (EPFL)",,,32,,
"1) Harvard University, Cambridge, Massachusetts 02138, USA. Email","Cambridge, Massachusetts 02138, USA","1) Harvard University, Cambridge",42.3750997,-71.1056157,33,United States of America,North America
"2) Institute of High Performance Computing, Agency for Science, Technology and Re","Agency for Science, Technology and Re","2) Institute of High Performance Computing, Agency for Science",,,34,,
"search (A*STAR), 1 Fusionopolis Way, #16-16 Connexis, Singapore 138632, Singapore. Email","1616 Connexis, Singapore 138632, Singapore","search (A*STAR), 1 Fusionopolis Way",,,35,,
"3) Department of Mathematics, Zhejiang Sci-Tech University, Hangzhou, Zhejiang 310018","Zhejiang SciTech University, Hangzhou, Zhejiang 310018","3) Department of Mathematics, Zhejiang Sci-Tech University",,,36,,
"Institute for Quantum Computing, Baidu Research, Beijing 100193, China","Baidu Research, Beijing 100193, China","Institute for Quantum Computing, Baidu Research",,,37,,
"Department of Particle and Nuclear Physics, University of Geneva, 1211 Geneva, Switzerland","University of Geneva, 1211 Geneva, Switzerland","Department of Particle and Nuclear Physics, University of Geneva",46.1985541,6.1509888,38,Switzerland,Europe
"Department of Physics, University of Trieste, 34127 Trieste, Italy","University of Trieste, 34127 Trieste, Italy","Department of Physics, University of Trieste",,,39,,
"University of Gdańsk, Wita Stwosza 63, 80-308 Gdańsk, Poland","Wita Stwosza 63, 80308 Gdask, Poland","University of Gdańsk, Wita Stwosza 63",,,40,,
"Department of Computing and Mathematical Sciences, Caltech, Pasadena, CA, USA","Pasadena, CA, USA","Department of Computing and Mathematical Sciences, Caltech",34.1476452,-118.1444779,41,United States of America,North America
"Department of Electrical Engineering and Computer Sciences, UC Berkeley, Berkeley, CA, USA","Berkeley, CA, USA","Department of Electrical Engineering and Computer Sciences, UC Berkeley",37.8753497,-122.239633649188,42,United States of America,North America
"AWS Center for Quantum Computing, Pasadena, CA, USA","Pasadena, CA, USA","AWS Center for Quantum Computing, Pasadena",34.1476452,-118.1444779,43,United States of America,North America
"perform in the laboratory, and easy to describe in classical language. The measurements we consider, random","and easy to describe in classical language The measurements we consider, random","perform in the laboratory, and easy to describe in classical language. The measurements we consider",,,44,,
"1) Harvard University, Cambridge, Massachusetts 02138, USA. Email","Cambridge, Massachusetts 02138, USA","1) Harvard University, Cambridge",42.3750997,-71.1056157,45,United States of America,North America
"2) Institute of High Performance Computing, Agency for Science, Technology and Re","Agency for Science, Technology and Re","2) Institute of High Performance Computing, Agency for Science",,,46,,
"search (A*STAR), 1 Fusionopolis Way, #16-16 Connexis, Singapore 138632, Singapore. Email","1616 Connexis, Singapore 138632, Singapore","search (A*STAR), 1 Fusionopolis Way",,,47,,
"3) Department of Mathematics, Zhejiang Sci-Tech University, Hangzhou, Zhejiang 310018","Zhejiang SciTech University, Hangzhou, Zhejiang 310018","3) Department of Mathematics, Zhejiang Sci-Tech University",,,48,,
"School of Computer Science, Faculty of Engineering, The University of Sydney, Darlington, New South Wales","The University of Sydney, Darlington, New South Wales","School of Computer Science, Faculty of Engineering",-33.891747,151.190626709674,49,Australia,Australia
"Hon Hai Quantum Computing Research Center, Taipei 114, Taiwan","Taipei 114, Taiwan","Hon Hai Quantum Computing Research Center, Taipei 114",25.0375198,121.5636796,50,Taiwan,Asia
"SenseTime Research, Beijing, China","Beijing, China","SenseTime Research, Beijing",39.906217,116.3912757,51,China,Asia
"Institute of Artificial Intelligence, School of Computer Science, Wuhan University, Hubei 430070, China","Wuhan University, Hubei 430070, China","Institute of Artificial Intelligence, School of Computer Science",30.53735405,114.361520319171,52,China,Asia
"JD Explore Academy, Beijing 101111, China","Beijing 101111, China","JD Explore Academy, Beijing 101111",23.1309415,113.2655855,53,China,Asia
"Pritzker School of Molecular Engineering, The University of Chicago, Chicago, IL 60637, USA","Chicago, IL 60637, USA","Pritzker School of Molecular Engineering, The University of Chicago",41.8755616,-87.6244212,54,United States of America,North America
"Chicago Quantum Exchange, Chicago, IL 60637, USA","Chicago, IL 60637, USA","Chicago Quantum Exchange, Chicago",41.8755616,-87.6244212,55,United States of America,North America
"Kadanoff Center for Theoretical Physics, The University of Chicago, Chicago, IL 60637, USA","Chicago, IL 60637, USA","Kadanoff Center for Theoretical Physics, The University of Chicago",41.8755616,-87.6244212,56,United States of America,North America
"qBraid Co., Harper Court 5235, Chicago, IL 60615, USA","Chicago, IL 60615, USA","qBraid Co., Harper Court 5235",41.8755616,-87.6244212,57,United States of America,North America
"The University of Sydney, NSW 2008, Australia","NSW 2008, Australia","The University of Sydney, NSW 2008",-31.95260295,152.555127352722,58,Australia,Australia
"Institute for Quantum Information and Matter, Caltech, Pasadena, California 91125, USA","Pasadena, California 91125, USA","Institute for Quantum Information and Matter, Caltech",34.1476452,-118.1444779,59,United States of America,North America
"Department of Computing and Mathematical Sciences, Caltech, Pasadena, California 91125, USA","Pasadena, California 91125, USA","Department of Computing and Mathematical Sciences, Caltech",34.1476452,-118.1444779,60,United States of America,North America
"Institute for Integrated Circuits, Johannes Kepler University Linz, Linz 4040, Austria","Johannes Kepler University Linz, Linz 4040, Austria","Institute for Integrated Circuits, Johannes Kepler University Linz",48.33609325,14.3205673800329,61,Austria,Europe
"Walter Burke Institute for Theoretical Physics, Caltech, Pasadena, California 91125, USA","Pasadena, California 91125, USA","Walter Burke Institute for Theoretical Physics, Caltech",34.1476452,-118.1444779,62,United States of America,North America
"AWS Center for Quantum Computing, Pasadena, California 91125, USA","Pasadena, California 91125, USA","AWS Center for Quantum Computing, Pasadena",34.1476452,-118.1444779,63,United States of America,North America
"F́ısica Teòrica: Informació i Fenòmens Quàntics, Departament de F́ısica, Universitat Autònoma de Barcelona, 08193 Bel","Departament de Fsica, Universitat Autonoma de Barcelona, 08193 Bel","F́ısica Teòrica: Informació i Fenòmens Quàntics, Departament de F́ısica",,,64,,
"Dahlem Center for Complex Quantum Systems, Freie Universität Berlin, 14195 Berlin, Germany. yihuiquek3.14@gmail.com","Freie Universitat Berlin, 14195 Berlin, Germany yihuiquek314gmailcom","Dahlem Center for Complex Quantum Systems, Freie Universität Berlin",,,65,,
"Dipartimento di Ingegneria, Universitá “Roma Tre”, Via Vito Volterra 62, I-00146 Rome, Italy. matteo.rosati@uniroma3.it","Via Vito Volterra 62, I00146 Rome, Italy matteorosatiuniroma3it","Dipartimento di Ingegneria, Universitá “Roma Tre”",,,66,,
"Department of Physical Sciences, Indian Institute of Science Education and Research Kolkata, Mohanpur, Nadia - 741246, West","Mohanpur, Nadia  741246, West","Department of Physical Sciences, Indian Institute of Science Education and Research Kolkata",22.9547908,88.5279413,67,India,Asia
"Institute of Physics, Faculty of Physics, Astronomy and Informatics, Nicolaus Copernicus University, Grudziadzka 5/7, 87-100 Toruń","Astronomy and Informatics, Nicolaus Copernicus University, Grudziadzka 57, 87100 Torun","Institute of Physics, Faculty of Physics",,,68,,
"nstitute of Physics, Faculty of Physics, Astronomy and Informatics, Nicolaus Copernicus University, Grudzia̧dzka","Astronomy and Informatics, Nicolaus Copernicus University, Grudziadzka","nstitute of Physics, Faculty of Physics",,,69,,
"University of Oxford, Oxford, United Kingdom OX1 2JD","Oxford, United Kingdom OX1 2JD","University of Oxford, Oxford",51.7520131,-1.2578499,70,United Kingdom,Europe
"Zapata Computing Canada Inc., 325 Front St W, Toronto, ON, Canada M5V 2Y1","Toronto, ON, Canada M5V 2Y1","Zapata Computing Canada Inc., 325 Front St W",,,71,,
"Vector Institute, MaRS Centre, Toronto, ON, Canada M5G 1M1","Toronto, ON, Canada M5G 1M1","Vector Institute, MaRS Centre",,,72,,
"Department of Physics and Astronomy, University of Waterloo, Waterloo, ON, Canada N2L 3G1","Waterloo, ON, Canada N2L 3G1","Department of Physics and Astronomy, University of Waterloo",43.473362,-80.5412782,73,Canada,North America
"AWE, Reading, UK","Reading, UK","AWE, Reading",51.456659,-0.9696512,74,United Kingdom,Europe
"Information Sciences, Los Alamos National Laboratory, Los Alamos, NM, USA","Los Alamos, NM, USA","Information Sciences, Los Alamos National Laboratory",35.8935335,-106.289701070565,75,United States of America,North America
"Department of Mathematics, Technical University of Munich, Garching, Germany","Technical University of Munich, Garching, Germany","Department of Mathematics, Technical University of Munich",48.2655696,11.669345610438,76,Germany,Europe
"Munich Center for Quantum Science and Technology (MCQST), Munich, Germany","Munich, Germany","Munich Center for Quantum Science and Technology (MCQST), Munich",48.1371079,11.5753822,77,Germany,Europe
"Dahlem Center for Complex Quantum Systems, Freie Universität Berlin, Berlin, Germany","Freie Universitat Berlin, Berlin, Germany","Dahlem Center for Complex Quantum Systems, Freie Universität Berlin",52.4549616,13.2962740073688,78,Germany,Europe
"Department of Physics & Astronomy, University of Southern California, Los Angeles, CA, USA","Los Angeles, CA, USA","Department of Physics & Astronomy, University of Southern California",34.0536909,-118.242766,79,United States of America,North America
"Institute for Quantum Information and Matter, Caltech, Pasadena, CA, USA","Pasadena, CA, USA","Institute for Quantum Information and Matter, Caltech",34.1476452,-118.1444779,80,United States of America,North America
"Department of Computing and Mathematical Sciences, Caltech, Pasadena, CA, USA","Pasadena, CA, USA","Department of Computing and Mathematical Sciences, Caltech",34.1476452,-118.1444779,81,United States of America,North America
"Theoretical Division, Los Alamos National Laboratory, Los Alamos, NM, USA","Los Alamos, NM, USA","Theoretical Division, Los Alamos National Laboratory",35.8935335,-106.289701070565,82,United States of America,North America
"University Hospital, LMU Munich, Germany","LMU Munich, Germany","University Hospital, LMU Munich",48.13005,11.5649664050531,83,Germany,Europe
"Department of Computing and Mathematical Sciences, Caltech, Pasadena, CA, USA","Pasadena, CA, USA","Department of Computing and Mathematical Sciences, Caltech",34.1476452,-118.1444779,84,United States of America,North America
"Department of Electrical Engineering and Computer Sciences, UC Berkeley, Berkeley, CA, USA","Berkeley, CA, USA","Department of Electrical Engineering and Computer Sciences, UC Berkeley",37.8753497,-122.239633649188,85,United States of America,North America
"AWS Center for Quantum Computing, Pasadena, CA, USA","Pasadena, CA, USA","AWS Center for Quantum Computing, Pasadena",34.1476452,-118.1444779,86,United States of America,North America
"perform in the laboratory, and easy to describe in classical language. The measurements we consider, random","and easy to describe in classical language The measurements we consider, random","perform in the laboratory, and easy to describe in classical language. The measurements we consider",,,87,,
"Theoretical Division (T-4), Los Alamos National Laboratory, Los Alamos, New Mexico 87545, USA","Los Alamos, New Mexico 87545, USA","Theoretical Division (T-4), Los Alamos National Laboratory",35.8585475,-106.317166,88,United States of America,North America
"Center for Nonlinear Studies, Los Alamos National Laboratory, Los Alamos, New Mexico 87545, USA","Los Alamos, New Mexico 87545, USA","Center for Nonlinear Studies, Los Alamos National Laboratory",35.8585475,-106.317166,89,United States of America,North America
"Physics Department, University of Massachusetts Boston, Boston, Massachusetts 02125, USA","Boston, Massachusetts 02125, USA","Physics Department, University of Massachusetts Boston",42.3554334,-71.060511,90,United States of America,North America
"Information Sciences, Los Alamos National Laboratory, Los Alamos, NM 87545, USA","Los Alamos, NM 87545, USA","Information Sciences, Los Alamos National Laboratory",35.8585475,-106.317166,91,United States of America,North America
"The University of Sydney, Darlington, NSW 2008, Australia","Darlington, NSW 2008, Australia","The University of Sydney, Darlington",-33.890862,151.1932156,92,Australia,Australia
"JD Explore Academy, Beijing 101111, China","Beijing 101111, China","JD Explore Academy, Beijing 101111",23.1309415,113.2655855,93,China,Asia
"scale quantum (NISQ) era [6, 7], Google has experimen","7, Google has experimen","scale quantum (NISQ) era [6, 7]",,,94,,
"Georgia Institute of Technology, USA 2Google, USA","USA 2Google, USA","Georgia Institute of Technology, USA 2Google",,,95,,
"Kore University of Enna, Italy 4Department of Electronic Systems, NTNU, Trondheim, Norway","NTNU, Trondheim, Norway","Kore University of Enna, Italy 4Department of Electronic Systems",63.4247455,10.4725481497655,96,Norway,Europe
"Department of Materials, University of Oxford, Parks Road, Oxford OX1 3PH, United Kingdom","Parks Road, Oxford OX1 3PH, United Kingdom","Department of Materials, University of Oxford",51.7606319,-1.2590068,97,United Kingdom,Europe
"Quantum Motion, 9 Sterling Way, London N7 9HJ, United Kingdom","9 Sterling Way, London N7 9HJ, United Kingdom","Quantum Motion, 9 Sterling Way",51.6163085,-0.0901354,98,United Kingdom,Europe
"Research Center, Defense Innovation Institute, 100071 Beijing, China and","Defense Innovation Institute, 100071 Beijing, China and","Research Center, Defense Innovation Institute",,,99,,
"Tianjin Artificial Intelligence Innovation Center, 300457 Tianjin, China","300457 Tianjin, China","Tianjin Artificial Intelligence Innovation Center, 300457 Tianjin",39.0290579,117.6908545,100,China,Asia
"Tao are with JD Explore Academy, 101111 Beijing, China","101111 Beijing, China","Tao are with JD Explore Academy, 101111 Beijing",23.1309415,113.2655855,101,China,Asia
"Technological University, 637371, Singapore","637371, Singapore","Technological University, 637371",,,102,,
"and Technology, National University of Defense Technology, 410073","National University of Defense Technology, 410073","and Technology, National University of Defense Technology",28.2290209,112.994832044032,103,China,Asia
"Kaining Zhang, Tongliang Liu are with The University of Sydney",Tongliang Liu are with The University of Sydney,Kaining Zhang,,,104,,
"Darlington, NSW 2008, Australia","NSW 2008, Australia","Darlington, NSW 2008",-31.95260295,152.555127352722,105,Australia,Australia
Harvard University,Harvard University,Harvard University,42.36790855,-71.126782374437,106,United States of America,North America
"Department of Physics, University of Padova, 35122 Padova PD, Italy","University of Padova, 35122 Padova PD, Italy","Department of Physics, University of Padova",,,107,,
"Department of Particle and Nuclear Physics, University of Geneva, Geneva 1211, Switzerland","University of Geneva, Geneva 1211, Switzerland","Department of Particle and Nuclear Physics, University of Geneva",46.1985541,6.1509888,108,Switzerland,Europe
"University of Gdańsk, Wita Stwosza 63, 80-308 Gdańsk, Poland","Wita Stwosza 63, 80308 Gdansk, Poland","University of Gdańsk, Wita Stwosza 63",54.3935303,18.5765053,109,Poland,Europe
"Theoretical Division, Los Alamos National Laboratory, Los Alamos, New Mexico 87545, USA","Los Alamos, New Mexico 87545, USA","Theoretical Division, Los Alamos National Laboratory",35.8585475,-106.317166,110,United States of America,North America
"Harvard Quantum Initiative, Harvard University, Cambridge, Massachusetts 02138, USA","Cambridge, Massachusetts 02138, USA","Harvard Quantum Initiative, Harvard University",42.3750997,-71.1056157,111,United States of America,North America
"Information Sciences, Los Alamos National Laboratory, Los Alamos, New Mexico 87545, USA","Los Alamos, New Mexico 87545, USA","Information Sciences, Los Alamos National Laboratory",35.8585475,-106.317166,112,United States of America,North America
"University of Illinois at Urbana-Champaign, Urbana, Illinois 61801, USA","Urbana, Illinois 61801, USA","University of Illinois at Urbana-Champaign, Urbana",40.1117174,-88.207301,113,United States of America,North America
"Dipartimento di Fisica e Astronomia, Università di Firenze, Sesto Fiorentino (FI), 50019 , Italy","Sesto Fiorentino FI, 50019 , Italy","Dipartimento di Fisica e Astronomia, Università di Firenze",43.831721,11.1992239,114,Italy,Europe
"Department of Mathematics, University of California Davis, Davis, California 95616, USA","Davis, California 95616, USA","Department of Mathematics, University of California Davis",38.545379,-121.744583,115,United States of America,North America
"Center for Nonlinear Studies, Los Alamos National Laboratory, Los Alamos, New Mexico 87545, USA","Los Alamos, New Mexico 87545, USA","Center for Nonlinear Studies, Los Alamos National Laboratory",35.8585475,-106.317166,116,United States of America,North America
"Volkswagen Data:Lab, 80805 Munich, Germany","80805 Munich, Germany","Volkswagen Data:Lab, 80805 Munich",48.1741107357222,11.599449206505,117,Germany,Europe
"Volkswagen Group of America, Auburn Hills, MI 48326, USA and","Auburn Hills, MI 48326, USA and","Volkswagen Group of America, Auburn Hills",,,118,,
"Leiden University, 2333 CA Leiden, The Netherlands","2333 CA Leiden, The Netherlands","Leiden University, 2333 CA Leiden",52.16902246,4.45729731,119,Netherlands,Europe
"Robotics Research Group, University of Bremen, 28359 Bremen, Germany","University of Bremen, 28359 Bremen, Germany","Robotics Research Group, University of Bremen",53.10796455,8.85566459282837,120,Germany,Europe
"German Research Center for Artificial Intelligence - Robotics Innovation Center (DFKI RIC), 28359 Bremen, Germany","28359 Bremen, Germany","German Research Center for Artificial Intelligence - Robotics Innovation Center (DFKI RIC), 28359 Bremen",53.0966924,8.871585,121,Germany,Europe
"F́ısica Teòrica: Informació i Fenòmens Quàntics, Departament de F́ısica, Universitat Autònoma de Barcelona, 08193 Bel","Departament de Fsica, Universitat Autonoma de Barcelona, 08193 Bel","F́ısica Teòrica: Informació i Fenòmens Quàntics, Departament de F́ısica",,,122,,
"Dahlem Center for Complex Quantum Systems, Freie Universität Berlin, 14195 Berlin, Germany. yihuiquek3.14@gmail.com","Freie Universitat Berlin, 14195 Berlin, Germany yihuiquek314gmailcom","Dahlem Center for Complex Quantum Systems, Freie Universität Berlin",,,123,,
"Dipartimento di Ingegneria, Universitá “Roma Tre”, Via Vito Volterra 62, I-00146 Rome, Italy. matteo.rosati@uniroma3.it","Via Vito Volterra 62, I00146 Rome, Italy matteorosatiuniroma3it","Dipartimento di Ingegneria, Universitá “Roma Tre”",,,124,,
"1) Harvard University, Cambridge, Massachusetts 02138, USA. Email","Cambridge, Massachusetts 02138, USA","1) Harvard University, Cambridge",42.3750997,-71.1056157,125,United States of America,North America
"2) Institute of High Performance Computing, Agency for Science, Technology and Re","Agency for Science, Technology and Re","2) Institute of High Performance Computing, Agency for Science",,,126,,
"search (A*STAR), 1 Fusionopolis Way, #16-16 Connexis, Singapore 138632, Singapore. Email","1616 Connexis, Singapore 138632, Singapore","search (A*STAR), 1 Fusionopolis Way",,,127,,
"3) Department of Mathematics, Zhejiang Sci-Tech University, Hangzhou, Zhejiang 310018","Zhejiang SciTech University, Hangzhou, Zhejiang 310018","3) Department of Mathematics, Zhejiang Sci-Tech University",,,128,,
"Quantum Brilliance Pty Ltd, The Australian National University, Australia","The Australian National University, Australia","Quantum Brilliance Pty Ltd, The Australian National University",,,129,,
"dialects, such as IBM’s OpenQASM [30] and Rigetti’s Quil [31], based on","such as IBMs OpenQASM 30 and Rigettis Quil 31, based on","dialects, such as IBM’s OpenQASM [30] and Rigetti’s Quil [31]",,,130,,
"STJ is with the Department of Computer Science, University of Birm",University of Birm,STJ is with the Department of Computer Science,,,131,,
"Computer Science and Engineering, Central South University, Changsha","Central South University, Changsha","Computer Science and Engineering, Central South University",,,132,,
"School of Computer Science, Faculty of Engineering, The University of Sydney, Sydney, Australia","The University of Sydney, Sydney, Australia","School of Computer Science, Faculty of Engineering",-33.88888125,151.189414257051,133,Australia,Australia
"Hon Hai Quantum Computing Research Center, Taipei, Taiwan","Taipei, Taiwan","Hon Hai Quantum Computing Research Center, Taipei",25.0375198,121.5636796,134,Taiwan,Asia
"Department of Electronics and Information Convergence Engineering, Kyung Hee University, Korea","Kyung Hee University, Korea","Department of Electronics and Information Convergence Engineering, Kyung Hee University",37.5971213,127.05198672345,135,South Korea,Asia
"Centre for Quantum Technologies, National University of Singapore, 3 Science Drive 2 117543, Singapore","National University of Singapore, 3 Science Drive 2 117543, Singapore","Centre for Quantum Technologies, National University of Singapore",,,136,,
"Imperial College London, London, UK","London, UK","Imperial College London, London",51.5073219,-0.1276474,137,United Kingdom,Europe
"Information Sciences, Los Alamos National Laboratory, Los Alamos, NM, USA","Los Alamos, NM, USA","Information Sciences, Los Alamos National Laboratory",35.8935335,-106.289701070565,138,United States of America,North America
"Quantum Science Center, Oak Ridge, TN 37931, USA","Oak Ridge, TN 37931, USA","Quantum Science Center, Oak Ridge",36.0103562,-84.2696449,139,United States of America,North America
"Institute of Physics, Ecole Polytechnique Fédérale de Lausanne (EPFL), CH-1015 Lausanne, Switzerland","Ecole Polytechnique Fdrale de Lausanne EPFL, CH1015 Lausanne, Switzerland","Institute of Physics, Ecole Polytechnique Fédérale de Lausanne (EPFL)",,,140,,
"JD Explore Academy, Beijing 101111, China","Beijing 101111, China","JD Explore Academy, Beijing 101111",23.1309415,113.2655855,141,China,Asia
"School of Computer Science, Faculty of Engineering, The University of Sydney, Darlington, NSW 2008, Australia","The University of Sydney, Darlington, NSW 2008, Australia","School of Computer Science, Faculty of Engineering",-33.891747,151.190626709674,142,Australia,Australia
"Center on Frontiers of Computing Studies, Department of Computer Science, Peking University, Beijing 100871, China","Peking University, Beijing 100871, China","Center on Frontiers of Computing Studies, Department of Computer Science",39.99171495,116.303934968635,143,China,Asia
"Department of Mathematics, Technical University of Munich, Garching, Germany","Technical University of Munich, Garching, Germany","Department of Mathematics, Technical University of Munich",48.2655696,11.669345610438,144,Germany,Europe
"Munich Center for Quantum Science and Technology (MCQST), Munich, Germany","Munich, Germany","Munich Center for Quantum Science and Technology (MCQST), Munich",48.1371079,11.5753822,145,Germany,Europe
"Institute for Quantum Information and Matter, Caltech, Pasadena, CA, USA","Pasadena, CA, USA","Institute for Quantum Information and Matter, Caltech",34.1476452,-118.1444779,146,United States of America,North America
"Department of Computing and Mathematical Sciences, Caltech, Pasadena, CA, USA","Pasadena, CA, USA","Department of Computing and Mathematical Sciences, Caltech",34.1476452,-118.1444779,147,United States of America,North America
"Information Sciences, Los Alamos National Laboratory, Los Alamos, NM 87545, USA","Los Alamos, NM 87545, USA","Information Sciences, Los Alamos National Laboratory",35.8585475,-106.317166,148,United States of America,North America
"Center for Nonlinear Studies, Los Alamos National Laboratory, Los Alamos, NM 87545, USA","Los Alamos, NM 87545, USA","Center for Nonlinear Studies, Los Alamos National Laboratory",35.8585475,-106.317166,149,United States of America,North America
"University of Maryland, College Park, Maryland 20742, USA","College Park, Maryland 20742, USA","University of Maryland, College Park",38.99041245,-76.9438585924238,150,United States of America,North America
"Quantum Science Center, Oak Ridge, TN 37931, USA","Oak Ridge, TN 37931, USA","Quantum Science Center, Oak Ridge",36.0103562,-84.2696449,151,United States of America,North America
"Theoretical Division, Los Alamos National Laboratory, Los Alamos, NM 87545, USA","Los Alamos, NM 87545, USA","Theoretical Division, Los Alamos National Laboratory",35.8585475,-106.317166,152,United States of America,North America
"Centre for Quantum Technologies, National University of Singapore, 3 Science Drive 2 117543, Singapore","National University of Singapore, 3 Science Drive 2 117543, Singapore","Centre for Quantum Technologies, National University of Singapore",,,153,,
"Imperial College London, London, UK","London, UK","Imperial College London, London",51.5073219,-0.1276474,154,United Kingdom,Europe
"Information Sciences, Los Alamos National Laboratory, Los Alamos, NM, USA","Los Alamos, NM, USA","Information Sciences, Los Alamos National Laboratory",35.8935335,-106.289701070565,155,United States of America,North America
"Quantum Science Center, Oak Ridge, TN 37931, USA","Oak Ridge, TN 37931, USA","Quantum Science Center, Oak Ridge",36.0103562,-84.2696449,156,United States of America,North America
"Institute of Physics, Ecole Polytechnique Fédérale de Lausanne (EPFL), CH-1015 Lausanne, Switzerland","Ecole Polytechnique Fdrale de Lausanne EPFL, CH1015 Lausanne, Switzerland","Institute of Physics, Ecole Polytechnique Fédérale de Lausanne (EPFL)",,,157,,
"Department of Physics and Astronomy, University of Exeter",University of Exeter,Department of Physics and Astronomy,50.7369302,-3.53647671702167,158,United Kingdom,Europe
"Stocker Road, Exeter EX4 4QL, United Kingdom","Exeter EX4 4QL, United Kingdom","Stocker Road, Exeter EX4 4QL",50.7255794,-3.5269497,159,United Kingdom,Europe
"Canada Square, London E14 5HQ, United Kingdom","London E14 5HQ, United Kingdom","Canada Square, London E14 5HQ",51.5073219,-0.1276474,160,United Kingdom,Europe
"Institute for Theoretical Physics, University of Innsbruck, Technikerstr. 21a, A-6020 Innsbruck, Austria","Technikerstr 21a, A6020 Innsbruck, Austria","Institute for Theoretical Physics, University of Innsbruck",,,161,,
"Max Planck Institute for Intelligent Systems, Tübingen, Germany","Tubingen, Germany","Max Planck Institute for Intelligent Systems, Tübingen",48.5236164,9.0535531,162,Germany,Europe
"Leiden University, Niels Bohrweg 1, 2333 CA Leiden, Netherlands","Niels Bohrweg 1, 2333 CA Leiden, Netherlands","Leiden University, Niels Bohrweg 1",52.1693239,4.4571019,163,Netherlands,Europe
"Dahlem Center for Complex Quantum Systems, Freie Universität Berlin, 14195 Berlin, Germany","Freie Universitat Berlin, 14195 Berlin, Germany","Dahlem Center for Complex Quantum Systems, Freie Universität Berlin",52.4549616,13.2962740073688,164,Germany,Europe
"Helmholtz-Zentrum Berlin für Materialien und Energie, 14109 Berlin, Germany","14109 Berlin, Germany","Helmholtz-Zentrum Berlin für Materialien und Energie, 14109 Berlin",52.4191463,13.1571633,165,Germany,Europe
"Fraunhofer Heinrich Hertz Institute, 10587 Berlin, Germany","10587 Berlin, Germany","Fraunhofer Heinrich Hertz Institute, 10587 Berlin",52.5216704,13.3251442,166,Germany,Europe
"JD Explore Academy, Beijing 101111, China","Beijing 101111, China","JD Explore Academy, Beijing 101111",23.1309415,113.2655855,167,China,Asia
"The University of Sydney, Darlington, NSW 2008, Australia","Darlington, NSW 2008, Australia","The University of Sydney, Darlington",-33.890862,151.1932156,168,Australia,Australia
"Engineering, Technical University of",Technical University of,Engineering,48.7299507,21.2450169,169,Slovakia,Europe
"Pritzker School of Molecular Engineering, The University of Chicago, Chicago, IL 60637, USA","Chicago, IL 60637, USA","Pritzker School of Molecular Engineering, The University of Chicago",41.8755616,-87.6244212,170,United States of America,North America
"Chicago Quantum Exchange, Chicago, IL 60637, USA","Chicago, IL 60637, USA","Chicago Quantum Exchange, Chicago",41.8755616,-87.6244212,171,United States of America,North America
"Kadanoff Center for Theoretical Physics, The University of Chicago, Chicago, IL 60637, USA","Chicago, IL 60637, USA","Kadanoff Center for Theoretical Physics, The University of Chicago",41.8755616,-87.6244212,172,United States of America,North America
"IBM Quantum, IBM T. J. Watson Research Center, Yorktown Heights, NY 10598, USA","Yorktown Heights, NY 10598, USA","IBM Quantum, IBM T. J. Watson Research Center",41.2709274,-73.7776336,173,United States of America,North America
"University of Maryland, College Park, Maryland 20742, USA","College Park, Maryland 20742, USA","University of Maryland, College Park",38.99041245,-76.9438585924238,174,United States of America,North America
"IBM Quantum, IBM Research, Zurich, 8803 Rüschlikon, Switzerland","Zurich, 8803 Ruschlikon, Switzerland","IBM Quantum, IBM Research",47.30918255,8.54474336145566,175,Switzerland,Europe
the University of Sydney. (Corresponding authors: Yuxuan Du; Dacheng Tao.,the University of Sydney Corresponding authors Yuxuan Du Dacheng Tao,the University of Sydney. (Corresponding authors: Yuxuan Du; Dacheng Tao.,,,176,,
"Yang Qian was with the JD Explore Academy, Beijing 101111, China","Beijing 101111, China","Yang Qian was with the JD Explore Academy, Beijing 101111",23.1309415,113.2655855,177,China,Asia
"He is now with the School of Computer Science, Faculty of Engineering, The","Faculty of Engineering, The","He is now with the School of Computer Science, Faculty of Engineering",46.83335035,29.6167631830238,178,Moldova,Europe
"University of Sydney, Sydney, NSW 2006, Australia","Sydney, NSW 2006, Australia","University of Sydney, Sydney",-33.8698439,151.2082848,179,Australia,Australia
"Xinbiao Wang was with the JD Explore Academy, Beijing 101111, China","Beijing 101111, China","Xinbiao Wang was with the JD Explore Academy, Beijing 101111",23.1309415,113.2655855,180,China,Asia
"Science, Wuhan University, Wuhan, Hubei 430072, China","Wuhan, Hubei 430072, China","Science, Wuhan University",30.5951051,114.2999353,181,China,Asia
"Dacheng Tao is with the JD Explore Academy, Beijing 101111, China","Beijing 101111, China","Dacheng Tao is with the JD Explore Academy, Beijing 101111",23.1309415,113.2655855,182,China,Asia
"ing, The University of Sydney, Sydney, NSW 2006, Australia (e-mail","Sydney, NSW 2006, Australia","ing, The University of Sydney",-33.8698439,151.2082848,183,Australia,Australia
"Department of Physics, University of Waterloo, Waterloo, ON, N2L 3G1, Canada","Waterloo, ON, N2L 3G1, Canada","Department of Physics, University of Waterloo",43.4652699,-80.5222961,184,Canada,North America
"Institute for Quantum Computing, Waterloo, ON, N2L 3G1, Canada","ON, N2L 3G1, Canada","Institute for Quantum Computing, Waterloo",51.1384082,-117.8731057,185,Canada,North America
"Xanadu, Toronto, ON, M5G 2C8, Canada","ON, M5G 2C8, Canada","Xanadu, Toronto",51.1384082,-117.8731057,186,Canada,North America
"Department of Physics and Astronomy, Seoul National University, 08826 Seoul, South Korea","Seoul National University, 08826 Seoul, South Korea","Department of Physics and Astronomy, Seoul National University",37.4556576,126.950757499139,187,South Korea,Asia
"Center for Quantum Information, IIIS, Tsinghua University","IIIS, Tsinghua University","Center for Quantum Information, IIIS",,,188,,
"Shanghai Qi Zhi Institute, 41th Floor, AI Tower, No. 701 Yunjin Road","41th Floor, AI Tower, No 701 Yunjin Road","Shanghai Qi Zhi Institute, 41th Floor",,,189,,
"Xuhui District, Shanghai 200232, China","Shanghai 200232, China","Xuhui District, Shanghai 200232",31.2322758,121.4692071,190,China,Asia
"AWE, Reading, UK","Reading, UK","AWE, Reading",51.456659,-0.9696512,191,United Kingdom,Europe
"Information Sciences, Los Alamos National Laboratory, Los Alamos, NM, USA","Los Alamos, NM, USA","Information Sciences, Los Alamos National Laboratory",35.8935335,-106.289701070565,192,United States of America,North America
"Department of Mathematics, Technical University of Munich, Garching, Germany","Technical University of Munich, Garching, Germany","Department of Mathematics, Technical University of Munich",48.2655696,11.669345610438,193,Germany,Europe
"Munich Center for Quantum Science and Technology (MCQST), Munich, Germany","Munich, Germany","Munich Center for Quantum Science and Technology (MCQST), Munich",48.1371079,11.5753822,194,Germany,Europe
"Dahlem Center for Complex Quantum Systems, Freie Universität Berlin, Berlin, Germany","Freie Universitat Berlin, Berlin, Germany","Dahlem Center for Complex Quantum Systems, Freie Universität Berlin",52.4549616,13.2962740073688,195,Germany,Europe
"Department of Physics & Astronomy, University of Southern California, Los Angeles, CA, USA","Los Angeles, CA, USA","Department of Physics & Astronomy, University of Southern California",34.0536909,-118.242766,196,United States of America,North America
"Institute for Quantum Information and Matter, Caltech, Pasadena, CA, USA","Pasadena, CA, USA","Institute for Quantum Information and Matter, Caltech",34.1476452,-118.1444779,197,United States of America,North America
"Department of Computing and Mathematical Sciences, Caltech, Pasadena, CA, USA","Pasadena, CA, USA","Department of Computing and Mathematical Sciences, Caltech",34.1476452,-118.1444779,198,United States of America,North America
"Theoretical Division, Los Alamos National Laboratory, Los Alamos, NM, USA","Los Alamos, NM, USA","Theoretical Division, Los Alamos National Laboratory",35.8935335,-106.289701070565,199,United States of America,North America
"School of Computer Science, The University of Sydney",The University of Sydney,School of Computer Science,-33.88888125,151.189414257051,200,Australia,Australia
"LIACS, Leiden University, Niels Bohrweg 1, 2333 CA Leiden, Netherlands","Niels Bohrweg 1, 2333 CA Leiden, Netherlands","LIACS, Leiden University",52.1693239,4.4571019,201,Netherlands,Europe
"Friedrich-Alexander University Erlangen-Nürnberg (FAU), Department of Physics, Erlangen, Germany","Department of Physics, Erlangen, Germany","Friedrich-Alexander University Erlangen-Nürnberg (FAU), Department of Physics",,,202,,
"Center for Quantum Information, IIIS, Tsinghua University, Beijing 100084, People’s Republic of China","Tsinghua University, Beijing 100084, Peoples Republic of China","Center for Quantum Information, IIIS",,,203,,
"Shanghai Qi Zhi Institute, 41th Floor, AI Tower, No. 701 Yunjin Road, Xuhui District, Shanghai 200232, People’s Republic of China","AI Tower, No 701 Yunjin Road, Xuhui District, Shanghai 200232, Peoples Republic of China","Shanghai Qi Zhi Institute, 41th Floor",,,204,,
"Information Sciences, Los Alamos National Laboratory, Los Alamos, New Mexico 87545, USA","Los Alamos, New Mexico 87545, USA","Information Sciences, Los Alamos National Laboratory",35.8585475,-106.317166,205,United States of America,North America
"Electrical and Computer Engineering, University of Illinois Urbana-Champaign, Urbana, Illinois, 61801, USA","Urbana, Illinois, 61801, USA","Electrical and Computer Engineering, University of Illinois Urbana-Champaign",40.1117174,-88.207301,206,United States of America,North America
"Theoretical Division, Los Alamos National Laboratory, Los Alamos, New Mexico 87545, USA","Los Alamos, New Mexico 87545, USA","Theoretical Division, Los Alamos National Laboratory",35.8585475,-106.317166,207,United States of America,North America
"Center for Nonlinear Studies, Los Alamos National Laboratory, Los Alamos, New Mexico 87545, USA","Los Alamos, New Mexico 87545, USA","Center for Nonlinear Studies, Los Alamos National Laboratory",35.8585475,-106.317166,208,United States of America,North America
"Harvard Quantum Initiative, Harvard University, Cambridge, Massachusetts 02138, USA","Cambridge, Massachusetts 02138, USA","Harvard Quantum Initiative, Harvard University",42.3750997,-71.1056157,209,United States of America,North America
"Institute for Quantum Computing, Baidu Research, China","Baidu Research, China","Institute for Quantum Computing, Baidu Research",,,210,,
"Centre for Quantum Software and Information, University of Technology Sydney, Australia","University of Technology Sydney, Australia","Centre for Quantum Software and Information, University of Technology Sydney",-33.8828784,151.200681195463,211,Australia,Australia
"Institute of Remote Sensing and Geographical Information Systems, Peking University, China","Peking University, China","Institute of Remote Sensing and Geographical Information Systems, Peking University",39.99171495,116.303934968635,212,China,Asia
"Department of Mathematics, King’s College London, Strand, London WC2R 2LS, United Kingdom","Strand, London WC2R 2LS, United Kingdom","Department of Mathematics, King’s College London",51.512727,-0.1147379,213,United Kingdom,Europe
"Department of Physics, Amherst, Massachusetts, United States of America","Amherst, Massachusetts, United States of America","Department of Physics, Amherst",42.3685658,-72.505714,214,United States of America,North America
"London Centre for Nanotechnology, University College London",University College London,London Centre for Nanotechnology,51.52420305,-0.133000724259295,215,United Kingdom,Europe
"Gordon St., London, WC1H 0AH, United Kingdom","London, WC1H 0AH, United Kingdom","Gordon St., London",51.5073219,-0.1276474,216,United Kingdom,Europe
"F́ısica Teòrica: Informació i Fenòmens Quàntics, Departament de F́ısica, Universitat Autònoma de Barcelona, 08193 Bel","Departament de Fsica, Universitat Autonoma de Barcelona, 08193 Bel","F́ısica Teòrica: Informació i Fenòmens Quàntics, Departament de F́ısica",,,217,,
"Dahlem Center for Complex Quantum Systems, Freie Universität Berlin, 14195 Berlin, Germany. yihuiquek3.14@gmail.com","Freie Universitat Berlin, 14195 Berlin, Germany yihuiquek314gmailcom","Dahlem Center for Complex Quantum Systems, Freie Universität Berlin",,,218,,
"Dipartimento di Ingegneria, Universitá “Roma Tre”, Via Vito Volterra 62, I-00146 Rome, Italy. matteo.rosati@uniroma3.it","Via Vito Volterra 62, I00146 Rome, Italy matteorosatiuniroma3it","Dipartimento di Ingegneria, Universitá “Roma Tre”",,,219,,
"Center for Quantum Information, IIIS, Tsinghua University, Beijing 100084, People’s Republic of China","Tsinghua University, Beijing 100084, Peoples Republic of China","Center for Quantum Information, IIIS",,,220,,
"Shanghai Qi Zhi Institute, 41th Floor, AI Tower, No. 701 Yunjin Road, Xuhui District, Shanghai 200232, People’s Republic of China","AI Tower, No 701 Yunjin Road, Xuhui District, Shanghai 200232, Peoples Republic of China","Shanghai Qi Zhi Institute, 41th Floor",,,221,,
"School of Informatics, University of Edinburgh, 10 Crichton Street, Edinburgh, United Kingdom","10 Crichton Street, Edinburgh, United Kingdom","School of Informatics, University of Edinburgh",55.94481005,-3.187362106444,222,United Kingdom,Europe
"QC Ware, Palo Alto, USA and Paris, France","Palo Alto, USA and Paris, France","QC Ware, Palo Alto",,,223,,
"Laboratoire d’Informatique de Paris 6, CNRS, Sorbonne Université, 4 Place Jussieu, 75005 Paris, France","Sorbonne Universite, 4 Place Jussieu, 75005 Paris, France","Laboratoire d’Informatique de Paris 6, CNRS",48.8476088,2.3566695,224,France,Europe
"PASQAL SAS, 7 avenue Léonard de Vinci, 91300 Massy, France","7 avenue Leonard de Vinci, 91300 Massy, France","PASQAL SAS, 7 avenue Léonard de Vinci",,,225,,
"applied Quantum algorithms (aQa), Leiden University, The Netherlands","Leiden University, The Netherlands","applied Quantum algorithms (aQa), Leiden University",52.16863385,4.45966305742133,226,Netherlands,Europe
"Pasqal SAS, 2 av. Augustin Fresnel, 91120 Palaiseau, France","2 av Augustin Fresnel, 91120 Palaiseau, France","Pasqal SAS, 2 av. Augustin Fresnel",48.7137323,2.20253693880756,227,France,Europe
"Department of Physics and Astronomy, University of Exeter, Stocker Road, Exeter EX4 4QL, United Kingdom","Stocker Road, Exeter EX4 4QL, United Kingdom","Department of Physics and Astronomy, University of Exeter",50.7371282,-3.5369048,228,United Kingdom,Europe
"Leiden University, Leiden, The Netherlands","Leiden, The Netherlands","Leiden University, Leiden",52.1594747,4.4908843,229,Netherlands,Europe
"Pasqal SAS, 2 av. Augustin Fresnel, 91120 Palaiseau, France","2 av Augustin Fresnel, 91120 Palaiseau, France","Pasqal SAS, 2 av. Augustin Fresnel",48.7137323,2.20253693880756,230,France,Europe
"Department of Physics and Astronomy, University of Exeter",University of Exeter,Department of Physics and Astronomy,50.7369302,-3.53647671702167,231,United Kingdom,Europe
"Stocker Road, Exeter EX4 4QL, United Kingdom","Exeter EX4 4QL, United Kingdom","Stocker Road, Exeter EX4 4QL",50.7255794,-3.5269497,232,United Kingdom,Europe
"Dipartimento di Ingegneria, Universitá “Roma Tre”, Via Vito Volterra 62, I-00146 Rome, Italy","Via Vito Volterra 62, I00146 Rome, Italy","Dipartimento di Ingegneria, Universitá “Roma Tre”",,,233,,
"JD Explore Academy, Beijing 101111, China","Beijing 101111, China","JD Explore Academy, Beijing 101111",23.1309415,113.2655855,234,China,Asia
"School of Computer Science, The University of Sydney, Darlington, NSW 2008, Australia","Darlington, NSW 2008, Australia","School of Computer Science, The University of Sydney",-33.890862,151.1932156,235,Australia,Australia
"Center on Frontiers of Computing Studies, Peking University, Beijing 100871, China","Peking University, Beijing 100871, China","Center on Frontiers of Computing Studies, Peking University",39.99171495,116.303934968635,236,China,Asia
"School of Computer Science, Peking University, Beijing 100871, China","Peking University, Beijing 100871, China","School of Computer Science, Peking University",39.99171495,116.303934968635,237,China,Asia
"Fraunhofer IIS, Fraunhofer Institute for Integrated Circuits IIS, Nuremberg, Germany","Fraunhofer Institute for Integrated Circuits IIS, Nuremberg, Germany","Fraunhofer IIS, Fraunhofer Institute for Integrated Circuits IIS",,,238,,
"place Jussieu, 75005 Paris, France","75005 Paris, France","place Jussieu, 75005 Paris",48.8460416045024,2.34871409004739,239,France,Europe
University of Edinburgh,University of Edinburgh,University of Edinburgh,55.94407645,-3.18837355639646,240,United Kingdom,Europe
"place Jussieu, 75005 Paris, France","75005 Paris, France","place Jussieu, 75005 Paris",48.8460416045024,2.34871409004739,241,France,Europe
University of Edinburgh,University of Edinburgh,University of Edinburgh,55.94407645,-3.18837355639646,242,United Kingdom,Europe
"Xanadu, Toronto, Ontario, Canada M5G 2C8","Toronto, Ontario, Canada M5G 2C8","Xanadu, Toronto",43.6534817,-79.3839347,243,Canada,North America
"Dahlem Center for Complex Quantum Systems, Freie Universität Berlin, 14195 Berlin, Germany","Freie Universitt Berlin, 14195 Berlin, Germany","Dahlem Center for Complex Quantum Systems, Freie Universität Berlin",,,244,,
"JD Explore Academy, Beijing 101111, China","Beijing 101111, China","JD Explore Academy, Beijing 101111",23.1309415,113.2655855,245,China,Asia
"School of Computer Science, Faculty of Engineering, The University of Sydney, Darlington, NSW 2008, Australia","The University of Sydney, Darlington, NSW 2008, Australia","School of Computer Science, Faculty of Engineering",-33.891747,151.190626709674,246,Australia,Australia
"Center on Frontiers of Computing Studies, Department of Computer Science, Peking University, Beijing 100871, China","Peking University, Beijing 100871, China","Center on Frontiers of Computing Studies, Department of Computer Science",39.99171495,116.303934968635,247,China,Asia
"School of Computer Science, Faculty of Engineering, The University of Sydney, Darlington, New South Wales","The University of Sydney, Darlington, New South Wales","School of Computer Science, Faculty of Engineering",-33.891747,151.190626709674,248,Australia,Australia
"Hon Hai Quantum Computing Research Center, Taipei 114, Taiwan","Taipei 114, Taiwan","Hon Hai Quantum Computing Research Center, Taipei 114",25.0375198,121.5636796,249,Taiwan,Asia
"SenseTime Research, Beijing, China","Beijing, China","SenseTime Research, Beijing",39.906217,116.3912757,250,China,Asia
"Department of Mathematics, Technical University of Munich, Garching, Germany","Technical University of Munich, Garching, Germany","Department of Mathematics, Technical University of Munich",48.2655696,11.669345610438,251,Germany,Europe
"Munich Center for Quantum Science and Technology (MCQST), Munich, Germany","Munich, Germany","Munich Center for Quantum Science and Technology (MCQST), Munich",48.1371079,11.5753822,252,Germany,Europe
"Institute for Quantum Information and Matter, Caltech, Pasadena, CA, USA","Pasadena, CA, USA","Institute for Quantum Information and Matter, Caltech",34.1476452,-118.1444779,253,United States of America,North America
"Department of Computing and Mathematical Sciences, Caltech, Pasadena, CA, USA","Pasadena, CA, USA","Department of Computing and Mathematical Sciences, Caltech",34.1476452,-118.1444779,254,United States of America,North America
"Information Sciences, Los Alamos National Laboratory, Los Alamos, NM 87545, USA","Los Alamos, NM 87545, USA","Information Sciences, Los Alamos National Laboratory",35.8585475,-106.317166,255,United States of America,North America
"Center for Nonlinear Studies, Los Alamos National Laboratory, Los Alamos, NM 87545, USA","Los Alamos, NM 87545, USA","Center for Nonlinear Studies, Los Alamos National Laboratory",35.8585475,-106.317166,256,United States of America,North America
"University of Maryland, College Park, Maryland 20742, USA","College Park, Maryland 20742, USA","University of Maryland, College Park",38.99041245,-76.9438585924238,257,United States of America,North America
"Quantum Science Center, Oak Ridge, TN 37931, USA","Oak Ridge, TN 37931, USA","Quantum Science Center, Oak Ridge",36.0103562,-84.2696449,258,United States of America,North America
"Theoretical Division, Los Alamos National Laboratory, Los Alamos, NM 87545, USA","Los Alamos, NM 87545, USA","Theoretical Division, Los Alamos National Laboratory",35.8585475,-106.317166,259,United States of America,North America
"Department of Physics, Harvard University, Cambridge, Massachusetts 02138, USA","Cambridge, Massachusetts 02138, USA","Department of Physics, Harvard University",42.3750997,-71.1056157,260,United States of America,North America
"Institute of High Performance Computing, Agency for Science, Technology and Research (A*STAR)","Agency for Science, Technology and Research ASTAR","Institute of High Performance Computing, Agency for Science",,,261,,
"Fusionopolis Way, #16-16 Connexis, Singapore 138632, Singapore","1616 Connexis, Singapore 138632, Singapore","Fusionopolis Way, #16-16 Connexis",,,262,,
"Department of Mathematics, Zhejiang Sci-Tech University, Hangzhou, Zhejiang 310018, China","Hangzhou, Zhejiang 310018, China","Department of Mathematics, Zhejiang Sci-Tech University",30.2489634,120.2052342,263,,
"School of Mathematical Sciences, Zhejiang University, Hangzhou, Zhejiang 310027, China","Hangzhou, Zhejiang 310027, China","School of Mathematical Sciences, Zhejiang University",30.2489634,120.2052342,264,,
"Center for Data Science, Zhejiang University, Hangzhou, Zhejiang 310027, China","Hangzhou, Zhejiang 310027, China","Center for Data Science, Zhejiang University",30.2489634,120.2052342,265,,
"Zhejiang Institute of Modern Physics, Zhejiang University, Hangzhou, Zhejiang 310027, China","Hangzhou, Zhejiang 310027, China","Zhejiang Institute of Modern Physics, Zhejiang University",30.2489634,120.2052342,266,,
"Department of Physics, Zhejiang University, Hangzhou, Zhejiang 310027, China","Hangzhou, Zhejiang 310027, China","Department of Physics, Zhejiang University",30.2489634,120.2052342,267,,
"Centre for Quantum Technologies, National University of Singapore, 3 Science Drive 2 117543, Singapore","National University of Singapore, 3 Science Drive 2 117543, Singapore","Centre for Quantum Technologies, National University of Singapore",,,268,,
"Imperial College London, London, UK","London, UK","Imperial College London, London",51.5073219,-0.1276474,269,United Kingdom,Europe
"Information Sciences, Los Alamos National Laboratory, Los Alamos, NM, USA","Los Alamos, NM, USA","Information Sciences, Los Alamos National Laboratory",35.8935335,-106.289701070565,270,United States of America,North America
"Quantum Science Center, Oak Ridge, TN 37931, USA","Oak Ridge, TN 37931, USA","Quantum Science Center, Oak Ridge",36.0103562,-84.2696449,271,United States of America,North America
"Institute of Physics, Ecole Polytechnique Fédérale de Lausanne (EPFL), CH-1015 Lausanne, Switzerland","Ecole Polytechnique Fdrale de Lausanne EPFL, CH1015 Lausanne, Switzerland","Institute of Physics, Ecole Polytechnique Fédérale de Lausanne (EPFL)",,,272,,
"Engineering, Technical University of",Technical University of,Engineering,48.7299507,21.2450169,273,Slovakia,Europe
"Leiden University, Niels Bohrweg 1, 2333 CA Leiden, the Netherlands","Niels Bohrweg 1, 2333 CA Leiden, the Netherlands","Leiden University, Niels Bohrweg 1",52.1693239,4.4571019,274,Netherlands,Europe
"Institute of Physics, University of Amsterdam, Science Park 904, 1098 XH Amsterdam, the Netherlands","Science Park 904, 1098 XH Amsterdam, the Netherlands","Institute of Physics, University of Amsterdam",52.3544941,4.9557553,275,Netherlands,Europe
"National Yang Ming Chiao Tung University, Hsinchu 30010, Taiwan (e-mail","Hsinchu 30010, Taiwan","National Yang Ming Chiao Tung University, Hsinchu 30010",24.8066333,120.9686833,276,Taiwan,Asia
"uate Institute of Communication Engineering, National Taiwan University",National Taiwan University,uate Institute of Communication Engineering,25.01688615,121.538520995551,277,Taiwan,Asia
"NTU), Taipei 10617, Taiwan, also with the Department of Mathematics","Taipei 10617, Taiwan, also with the Department of Mathematics","NTU), Taipei 10617",,,278,,
"Institute of Applied Mathematical Sciences, NTU, Taipei 10617, Taiwan, also","Taipei 10617, Taiwan, also","Institute of Applied Mathematical Sciences, NTU",,,279,,
"with the Center for Quantum Science and Engineering, NTU, Taipei 10617","NTU, Taipei 10617","with the Center for Quantum Science and Engineering, NTU",25.01688615,121.538520995551,280,Taiwan,Asia
"Department of Physics, Harvard University, Cambridge, Massachusetts 02138, USA","Cambridge, Massachusetts 02138, USA","Department of Physics, Harvard University",42.3750997,-71.1056157,281,United States of America,North America
"Institute of High Performance Computing, Agency for Science, Technology and Research (A*STAR)","Agency for Science, Technology and Research ASTAR","Institute of High Performance Computing, Agency for Science",,,282,,
"Fusionopolis Way, #16-16 Connexis, Singapore 138632, Singapore","1616 Connexis, Singapore 138632, Singapore","Fusionopolis Way, #16-16 Connexis",,,283,,
"Department of Mathematics, Zhejiang Sci-Tech University, Hangzhou, Zhejiang 310018, China","Hangzhou, Zhejiang 310018, China","Department of Mathematics, Zhejiang Sci-Tech University",30.2489634,120.2052342,284,,
"School of Mathematical Sciences, Zhejiang University, Hangzhou, Zhejiang 310027, China","Hangzhou, Zhejiang 310027, China","School of Mathematical Sciences, Zhejiang University",30.2489634,120.2052342,285,,
"Center for Data Science, Zhejiang University, Hangzhou, Zhejiang 310027, China","Hangzhou, Zhejiang 310027, China","Center for Data Science, Zhejiang University",30.2489634,120.2052342,286,,
"Zhejiang Institute of Modern Physics, Zhejiang University, Hangzhou, Zhejiang 310027, China","Hangzhou, Zhejiang 310027, China","Zhejiang Institute of Modern Physics, Zhejiang University",30.2489634,120.2052342,287,,
"Department of Physics, Zhejiang University, Hangzhou, Zhejiang 310027, China","Hangzhou, Zhejiang 310027, China","Department of Physics, Zhejiang University",30.2489634,120.2052342,288,,
"AWE, Reading, UK","Reading, UK","AWE, Reading",51.456659,-0.9696512,289,United Kingdom,Europe
"Information Sciences, Los Alamos National Laboratory, Los Alamos, NM, USA","Los Alamos, NM, USA","Information Sciences, Los Alamos National Laboratory",35.8935335,-106.289701070565,290,United States of America,North America
"Department of Mathematics, Technical University of Munich, Garching, Germany","Technical University of Munich, Garching, Germany","Department of Mathematics, Technical University of Munich",48.2655696,11.669345610438,291,Germany,Europe
"Munich Center for Quantum Science and Technology (MCQST), Munich, Germany","Munich, Germany","Munich Center for Quantum Science and Technology (MCQST), Munich",48.1371079,11.5753822,292,Germany,Europe
"Dahlem Center for Complex Quantum Systems, Freie Universität Berlin, Berlin, Germany","Freie Universitat Berlin, Berlin, Germany","Dahlem Center for Complex Quantum Systems, Freie Universität Berlin",52.4549616,13.2962740073688,293,Germany,Europe
"Department of Physics & Astronomy, University of Southern California, Los Angeles, CA, USA","Los Angeles, CA, USA","Department of Physics & Astronomy, University of Southern California",34.0536909,-118.242766,294,United States of America,North America
"Institute for Quantum Information and Matter, Caltech, Pasadena, CA, USA","Pasadena, CA, USA","Institute for Quantum Information and Matter, Caltech",34.1476452,-118.1444779,295,United States of America,North America
"Department of Computing and Mathematical Sciences, Caltech, Pasadena, CA, USA","Pasadena, CA, USA","Department of Computing and Mathematical Sciences, Caltech",34.1476452,-118.1444779,296,United States of America,North America
"Theoretical Division, Los Alamos National Laboratory, Los Alamos, NM, USA","Los Alamos, NM, USA","Theoretical Division, Los Alamos National Laboratory",35.8935335,-106.289701070565,297,United States of America,North America
"School of Physics, University of Melbourne, VIC, Parkville, 3010, Australia","VIC, Parkville, 3010, Australia","School of Physics, University of Melbourne",-37.779244,144.9415681,298,Australia,Australia
"School of Mathematics and Statistics, University of Melbourne, VIC, Parkville, 3010, Australia","VIC, Parkville, 3010, Australia","School of Mathematics and Statistics, University of Melbourne",-37.779244,144.9415681,299,Australia,Australia
"Department of Physics, Harvard University, Cambridge, Massachusetts 02138, USA","Cambridge, Massachusetts 02138, USA","Department of Physics, Harvard University",42.3750997,-71.1056157,300,United States of America,North America
"Institute of High Performance Computing, Agency for Science, Technology and Research (A*STAR)","Agency for Science, Technology and Research ASTAR","Institute of High Performance Computing, Agency for Science",,,301,,
"Fusionopolis Way, #16-16 Connexis, Singapore 138632, Singapore","1616 Connexis, Singapore 138632, Singapore","Fusionopolis Way, #16-16 Connexis",,,302,,
"Department of Mathematics, Zhejiang Sci-Tech University, Hangzhou, Zhejiang 310018, China","Hangzhou, Zhejiang 310018, China","Department of Mathematics, Zhejiang Sci-Tech University",30.2489634,120.2052342,303,,
"School of Mathematical Sciences, Zhejiang University, Hangzhou, Zhejiang 310027, China","Hangzhou, Zhejiang 310027, China","School of Mathematical Sciences, Zhejiang University",30.2489634,120.2052342,304,,
"Center for Data Science, Zhejiang University, Hangzhou, Zhejiang 310027, China","Hangzhou, Zhejiang 310027, China","Center for Data Science, Zhejiang University",30.2489634,120.2052342,305,,
"Zhejiang Institute of Modern Physics, Zhejiang University, Hangzhou, Zhejiang 310027, China","Hangzhou, Zhejiang 310027, China","Zhejiang Institute of Modern Physics, Zhejiang University",30.2489634,120.2052342,306,,
"Department of Physics, Zhejiang University, Hangzhou, Zhejiang 310027, China","Hangzhou, Zhejiang 310027, China","Department of Physics, Zhejiang University",30.2489634,120.2052342,307,,
"Center for Quantum Information, IIIS, Tsinghua University, Beijing 100084, People’s","Tsinghua University, Beijing 100084, Peoples","Center for Quantum Information, IIIS",,,308,,
"Center for Quantum Information, IIIS, Tsinghua University, Beijing 100084, People’s","Tsinghua University, Beijing 100084, Peoples","Center for Quantum Information, IIIS",,,309,,
"Center for Quantum Information, IIIS, Tsinghua University, Beijing 100084, People’s","Tsinghua University, Beijing 100084, Peoples","Center for Quantum Information, IIIS",,,310,,
"Shanghai Qi Zhi Institute, 41th Floor, AI Tower, No. 701 Yunjin Road, Xuhui","AI Tower, No 701 Yunjin Road, Xuhui","Shanghai Qi Zhi Institute, 41th Floor",,,311,,
"District, Shanghai 200232, China","Shanghai 200232, China","District, Shanghai 200232",31.2322758,121.4692071,312,China,Asia
"University of Oxford, Oxford OX1 2JD, United Kingdom","Oxford OX1 2JD, United Kingdom","University of Oxford, Oxford OX1 2JD",51.7520131,-1.2578499,313,United Kingdom,Europe
"Zapata Computing Canada Inc., 325 Front St W, Toronto, ON, M5V 2Y1, Canada","Toronto, ON, M5V 2Y1, Canada","Zapata Computing Canada Inc., 325 Front St W",,,314,,
"Zapata Computing Canada Inc., 325 Front St W, Toronto, ON, M5V 2Y1","Toronto, ON, M5V 2Y1","Zapata Computing Canada Inc., 325 Front St W",,,315,,
"Center for Quantum Information, IIIS, Tsinghua University, Beijing 100084, People’s Republic of China","Tsinghua University, Beijing 100084, Peoples Republic of China","Center for Quantum Information, IIIS",,,316,,
"Shanghai Qi Zhi Institute, 41th Floor, AI Tower, No. 701 Yunjin Road, Xuhui District, Shanghai 200232, People’s Republic of China","AI Tower, No 701 Yunjin Road, Xuhui District, Shanghai 200232, Peoples Republic of China","Shanghai Qi Zhi Institute, 41th Floor",,,317,,
"National University of Defense Technology, Changsha 410073, China","Changsha 410073, China","National University of Defense Technology, Changsha 410073",28.2491934,113.0748296,318,China,Asia
"College of Information and Communication, National University of Defense Technology, Xi’an 710006, China","National University of Defense Technology, Xian 710006, China","College of Information and Communication, National University of Defense Technology",31.8446548,117.233010525828,319,China,Asia
"Henan Key Laboratory of Quantum Information and Cryptography, Zhengzhou, Henan 450000, China","Zhengzhou, Henan 450000, China","Henan Key Laboratory of Quantum Information and Cryptography, Zhengzhou",34.7487244,113.6191483,320,China,Asia
"and Synergetic Innovation Center for Quantum Effects and Applications, Hunan Normal University, Changsha 410081, China","Hunan Normal University, Changsha 410081, China","and Synergetic Innovation Center for Quantum Effects and Applications, Hunan Normal University",28.19096515,112.945081251339,321,China,Asia
"Grid Inc., 107-0061 Tokyo, Japan","1070061 Tokyo, Japan","Grid Inc., 107-0061 Tokyo",35.6689996903226,139.7151112,322,Japan,Asia
"Engineering department, The University of Electro-Communications, 182-8585 Tokyo, Japan","The University of ElectroCommunications, 1828585 Tokyo, Japan","Engineering department, The University of Electro-Communications",,,323,,
"i-PERC, The University of Electro-Communications, 182-8585 Tokyo, Japan","The University of ElectroCommunications, 1828585 Tokyo, Japan","i-PERC, The University of Electro-Communications",,,324,,
University of Edinburgh,University of Edinburgh,University of Edinburgh,55.94407645,-3.18837355639646,325,United Kingdom,Europe
"from the Informatics forum to the Bayes centre and back; Bruce Collie, Jack Turner, Pablo","Jack Turner, Pablo","from the Informatics forum to the Bayes centre and back; Bruce Collie, Jack Turner",,,326,,
"in a classical computer science doctoral training centre), Mattia Bradascio, Nicolai Oswald","Mattia Bradascio, Nicolai Oswald","in a classical computer science doctoral training centre), Mattia Bradascio",,,327,,
National Yang Ming Chiao Tung University,National Yang Ming Chiao Tung University,National Yang Ming Chiao Tung University,24.78676765,120.997244116807,328,Taiwan,Asia
National Taiwan University,National Taiwan University,National Taiwan University,25.01688615,121.538520995551,329,Taiwan,Asia
"Leiden University, Leiden, The Netherlands","Leiden, The Netherlands","Leiden University, Leiden",52.1594747,4.4908843,330,Netherlands,Europe
"Dipartimento di Ingegneria, Universitá “Roma Tre”, Via Vito Volterra 62, I-00146 Rome, Italy","Via Vito Volterra 62, I00146 Rome, Italy","Dipartimento di Ingegneria, Universitá “Roma Tre”",,,331,,
University of Texas at Austin,University of Texas at Austin,University of Texas at Austin,30.2852198,-97.733892726638,332,United States of America,North America
"Information Sciences, Los Alamos National Laboratory, Los Alamos, NM, USA","Los Alamos, NM, USA","Information Sciences, Los Alamos National Laboratory",35.8935335,-106.289701070565,333,United States of America,North America
"Center for Nonlinear Studies, Los Alamos National Laboratory, Los Alamos, NM, USA","Los Alamos, NM, USA","Center for Nonlinear Studies, Los Alamos National Laboratory",35.8935335,-106.289701070565,334,United States of America,North America
"Quantum Science Center, Oak Ridge, TN, USA","Oak Ridge, TN, USA","Quantum Science Center, Oak Ridge",36.0103562,-84.2696449,335,United States of America,North America
"X, Mountain View, CA, USA","Mountain View, CA, USA","X, Mountain View",37.3893889,-122.0832101,336,United States of America,North America
"Institute for Quantum Computing, University of Waterloo, Waterloo, Ontario, Canada","Waterloo, Ontario, Canada","Institute for Quantum Computing, University of Waterloo",43.4652699,-80.5222961,337,Canada,North America
"Department of Applied Mathematics, University of Waterloo, Waterloo, Ontario, Canada","Waterloo, Ontario, Canada","Department of Applied Mathematics, University of Waterloo",43.4652699,-80.5222961,338,Canada,North America
"Institute for Quantum Information and Matter, California Institute of Technology, Pasadena, CA, USA","Pasadena, CA, USA","Institute for Quantum Information and Matter, California Institute of Technology",34.1476452,-118.1444779,339,United States of America,North America
"Department of Computing and Mathematical Sciences, California Institute of Technology, Pasadena, CA, USA","Pasadena, CA, USA","Department of Computing and Mathematical Sciences, California Institute of Technology",34.1476452,-118.1444779,340,United States of America,North America
"Theoretical Division, Los Alamos National Laboratory, Los Alamos, NM, USA","Los Alamos, NM, USA","Theoretical Division, Los Alamos National Laboratory",35.8935335,-106.289701070565,341,United States of America,North America
"Department of Mathematics, Technical University of Munich, Garching, Germany","Technical University of Munich, Garching, Germany","Department of Mathematics, Technical University of Munich",48.2655696,11.669345610438,342,Germany,Europe
"Munich Center for Quantum Science and Technology (MCQST), Munich, Germany","Munich, Germany","Munich Center for Quantum Science and Technology (MCQST), Munich",48.1371079,11.5753822,343,Germany,Europe
"JD Explore Academy, Beijing, 101111, China","Beijing, 101111, China","JD Explore Academy, Beijing",23.1309415,113.2655855,344,China,Asia
"School of Computer Science, Faculty of Engineering, The University of Sydney, Sydney, NSW, 2008, Australia","The University of Sydney, Sydney, NSW, 2008, Australia","School of Computer Science, Faculty of Engineering",-33.891747,151.190626709674,345,Australia,Australia
"SenseTime Research, Beijing, 100080, China","Beijing, 100080, China","SenseTime Research, Beijing",39.906217,116.3912757,346,China,Asia
"Hon Hai Quantum Computing Research Center, Taipei, 114, Taiwan","Taipei, 114, Taiwan","Hon Hai Quantum Computing Research Center, Taipei",25.0375198,121.5636796,347,Taiwan,Asia
"Centre for Quantum Software and Information, Faculty of Engineering and Information Technology, University of Technology Sydney, Sydney, NSW, 2007, Australia","University of Technology Sydney, Sydney, NSW, 2007, Australia","Centre for Quantum Software and Information, Faculty of Engineering and Information Technology",-33.8828784,151.200681195463,348,Australia,Australia
"Department of Applied Physics and Physico-Informatics, Keio University, Hiyoshi 3-14-1, Kohoku, Yokohama, 223-8522, Japan","Hiyoshi 3141, Kohoku, Yokohama, 2238522, Japan","Department of Applied Physics and Physico-Informatics, Keio University",35.5492291,139.653422094114,349,Japan,Asia
"Quantum Computing Center, Keio University, Hiyoshi 3-14-1, Kohoku, Yokohama, 223-8522, Japan","Hiyoshi 3141, Kohoku, Yokohama, 2238522, Japan","Quantum Computing Center, Keio University",35.5492291,139.653422094114,350,Japan,Asia
"Institute for Quantum Information and Matter, Caltech, Pasadena, CA, USA","Pasadena, CA, USA","Institute for Quantum Information and Matter, Caltech",34.1476452,-118.1444779,351,United States of America,North America
"Department of Computing and Mathematical Sciences, Caltech, Pasadena, CA, USA","Pasadena, CA, USA","Department of Computing and Mathematical Sciences, Caltech",34.1476452,-118.1444779,352,United States of America,North America
"Google Quantum AI, Venice, CA 90291, USA","Venice, CA 90291, USA","Google Quantum AI, Venice",33.995044,-118.4668875,353,United States of America,North America
"Harvard Society of Fellows, Cambridge, MA 02138, USA","Cambridge, MA 02138, USA","Harvard Society of Fellows, Cambridge",42.3750997,-71.1056157,354,United States of America,North America
"Black Hole Initiative, Cambridge, MA 02138, USA","Cambridge, MA 02138, USA","Black Hole Initiative, Cambridge",42.3750997,-71.1056157,355,United States of America,North America
"Department of Electrical Engineering and Computer Science, University of California Berkeley, Berkeley, CA, USA","Berkeley, CA, USA","Department of Electrical Engineering and Computer Science, University of California Berkeley",37.8753497,-122.239633649188,356,United States of America,North America
"Simons Institute for the Theory of Computing, Berkeley, CA, USA","Berkeley, CA, USA","Simons Institute for the Theory of Computing, Berkeley",37.8753497,-122.239633649188,357,United States of America,North America
"Microsoft Research AI, Redmond, WA 98052, USA","Redmond, WA 98052, USA","Microsoft Research AI, Redmond",47.6694141,-122.1238767,358,United States of America,North America
"Google Quantum AI, Venice, CA 90291, USA","Venice, CA 90291, USA","Google Quantum AI, Venice",33.995044,-118.4668875,359,United States of America,North America
"Google Quantum AI, Venice, CA 90291, USA","Venice, CA 90291, USA","Google Quantum AI, Venice",33.995044,-118.4668875,360,United States of America,North America
"Google Quantum AI, Venice, CA 90291, USA","Venice, CA 90291, USA","Google Quantum AI, Venice",33.995044,-118.4668875,361,United States of America,North America
"Institute for Integrated Circuits, Johannes Kepler University Linz, Austria","Johannes Kepler University Linz, Austria","Institute for Integrated Circuits, Johannes Kepler University Linz",48.33609325,14.3205673800329,362,Austria,Europe
"Institute for Quantum Information and Matter, Caltech, Pasadena, CA, USA","Pasadena, CA, USA","Institute for Quantum Information and Matter, Caltech",34.1476452,-118.1444779,363,United States of America,North America
"Department of Computing and Mathematical Sciences, Caltech, Pasadena, CA, USA","Pasadena, CA, USA","Department of Computing and Mathematical Sciences, Caltech",34.1476452,-118.1444779,364,United States of America,North America
"AWS Center for Quantum Computing, Pasadena, CA 91125, USA","Pasadena, CA 91125, USA","AWS Center for Quantum Computing, Pasadena",34.1476452,-118.1444779,365,United States of America,North America
"Google Quantum AI, Venice, CA 90291, USA","Venice, CA 90291, USA","Google Quantum AI, Venice",33.995044,-118.4668875,366,United States of America,North America
"GSK R&D Stevenage, GlaxoSmithKline, Stevenage SG1 2NY, UK","GlaxoSmithKline, Stevenage SG1 2NY, UK","GSK R&D Stevenage, GlaxoSmithKline",51.88538025,-0.200712954344525,367,United Kingdom,Europe
"Department of Biochemistry and Molecular Genetics, University of Virginia, Charlottesville, VA 22908, USA","Charlottesville, VA 22908, USA","Department of Biochemistry and Molecular Genetics, University of Virginia",38.029306,-78.4766781,368,United States of America,North America
"Grupo de Superconductividad y Nanotecnología, Departamento de Física, Universidad Nacional de Colombia, 111321, Bogotá, Colombia","Universidad Nacional de Colombia, 111321, Bogot, Colombia","Grupo de Superconductividad y Nanotecnología, Departamento de Física",,,369,,
"MindLab Research Group, Departamento de Ingeniería de Sistemas e Industrial, Universidad Nacional de Colombia, 111321, Bogotá, Colombia","Universidad Nacional de Colombia, 111321, Bogot, Colombia","MindLab Research Group, Departamento de Ingeniería de Sistemas e Industrial",,,370,,
"Information Sciences, Los Alamos National Laboratory, Los Alamos, NM, USA","Los Alamos, NM, USA","Information Sciences, Los Alamos National Laboratory",35.8935335,-106.289701070565,371,United States of America,North America
"Center for Nonlinear Studies, Los Alamos National Laboratory, Los Alamos, NM, USA","Los Alamos, NM, USA","Center for Nonlinear Studies, Los Alamos National Laboratory",35.8935335,-106.289701070565,372,United States of America,North America
"Quantum Science Center, Oak Ridge, TN, USA","Oak Ridge, TN, USA","Quantum Science Center, Oak Ridge",36.0103562,-84.2696449,373,United States of America,North America
"X, Mountain View, CA, USA","Mountain View, CA, USA","X, Mountain View",37.3893889,-122.0832101,374,United States of America,North America
"Institute for Quantum Computing, University of Waterloo, Waterloo, Ontario, Canada","Waterloo, Ontario, Canada","Institute for Quantum Computing, University of Waterloo",43.4652699,-80.5222961,375,Canada,North America
"Department of Applied Mathematics, University of Waterloo, Waterloo, Ontario, Canada","Waterloo, Ontario, Canada","Department of Applied Mathematics, University of Waterloo",43.4652699,-80.5222961,376,Canada,North America
"Institute for Quantum Information and Matter, California Institute of Technology, Pasadena, CA, USA","Pasadena, CA, USA","Institute for Quantum Information and Matter, California Institute of Technology",34.1476452,-118.1444779,377,United States of America,North America
"Department of Computing and Mathematical Sciences, California Institute of Technology, Pasadena, CA, USA","Pasadena, CA, USA","Department of Computing and Mathematical Sciences, California Institute of Technology",34.1476452,-118.1444779,378,United States of America,North America
"Theoretical Division, Los Alamos National Laboratory, Los Alamos, NM, USA","Los Alamos, NM, USA","Theoretical Division, Los Alamos National Laboratory",35.8935335,-106.289701070565,379,United States of America,North America
"Center for Quantum Information, Institute for Interdisciplinary Information Science, Tsinghua University, Beijing, 100084, China","Tsinghua University, Beijing, 100084, China","Center for Quantum Information, Institute for Interdisciplinary Information Science",40.00229045,116.320962969691,380,China,Asia
"Shanghai Qi Zhi Institute, Shanghai, 200232, China","Shanghai, 200232, China","Shanghai Qi Zhi Institute, Shanghai",31.2322758,121.4692071,381,China,Asia
"Department of Applied Physics and Physico-Informatics, Keio University, Hiyoshi 3-14-1, Kohoku, Yokohama, 223-8522, Japan","Hiyoshi 3141, Kohoku, Yokohama, 2238522, Japan","Department of Applied Physics and Physico-Informatics, Keio University",35.5492291,139.653422094114,382,Japan,Asia
"Quantum Computing Center, Keio University, Hiyoshi 3-14-1, Kohoku, Yokohama, 223-8522, Japan","Hiyoshi 3141, Kohoku, Yokohama, 2238522, Japan","Quantum Computing Center, Keio University",35.5492291,139.653422094114,383,Japan,Asia
"Signal Processing Group, Technical University of Cluj-Napoca, Baritiu Street, no. 26-28, Cluj-Napoca, Romania","Baritiu Street, no 2628, ClujNapoca, Romania","Signal Processing Group, Technical University of Cluj-Napoca",,,384,,
"Information Sciences, Los Alamos National Laboratory, Los Alamos, NM, USA","Los Alamos, NM, USA","Information Sciences, Los Alamos National Laboratory",35.8935335,-106.289701070565,385,United States of America,North America
"Center for Nonlinear Studies, Los Alamos National Laboratory, Los Alamos, NM, USA","Los Alamos, NM, USA","Center for Nonlinear Studies, Los Alamos National Laboratory",35.8935335,-106.289701070565,386,United States of America,North America
"Quantum Science Center, Oak Ridge, TN, USA","Oak Ridge, TN, USA","Quantum Science Center, Oak Ridge",36.0103562,-84.2696449,387,United States of America,North America
"X, Mountain View, CA, USA","Mountain View, CA, USA","X, Mountain View",37.3893889,-122.0832101,388,United States of America,North America
"Institute for Quantum Computing, University of Waterloo, Waterloo, Ontario, Canada","Waterloo, Ontario, Canada","Institute for Quantum Computing, University of Waterloo",43.4652699,-80.5222961,389,Canada,North America
"Department of Applied Mathematics, University of Waterloo, Waterloo, Ontario, Canada","Waterloo, Ontario, Canada","Department of Applied Mathematics, University of Waterloo",43.4652699,-80.5222961,390,Canada,North America
"Institute for Quantum Information and Matter, California Institute of Technology, Pasadena, CA, USA","Pasadena, CA, USA","Institute for Quantum Information and Matter, California Institute of Technology",34.1476452,-118.1444779,391,United States of America,North America
"Department of Computing and Mathematical Sciences, California Institute of Technology, Pasadena, CA, USA","Pasadena, CA, USA","Department of Computing and Mathematical Sciences, California Institute of Technology",34.1476452,-118.1444779,392,United States of America,North America
"Theoretical Division, Los Alamos National Laboratory, Los Alamos, NM, USA","Los Alamos, NM, USA","Theoretical Division, Los Alamos National Laboratory",35.8935335,-106.289701070565,393,United States of America,North America
